{
  "id": "slaindustries",
  "title": "SLA Industries",
  "description": "Dev for SLA",
  "version": "0.1",
  "compatibility": {
    "minimum": 10,
    "verified": "11",
    "maximum": 12
  },
  "authors": [{
    "name": "Asacolips"
  }],
  "esmodules": ["module/slaindustries.mjs"],
  "styles": ["css/slaindustries.css"],
  "scripts": [],
  "packs": [],
  "languages": [
    {
      "lang": "en",
      "name": "English",
      "path": "lang/en.json"
    }
  ],
  "gridDistance": 2,
  "gridUnits": "m",
  "primaryTokenAttribute": "health",
  "secondaryTokenAttribute": null,
  "url": "https://github.com/VacantFanatic/SLAfoundry/tree/main",
  "manifest": "https://github.com/VacantFanatic/SLAfoundry/blob/main/slaindustries/system.json",
  "download": "",
  "license": "LICENSE.txt",
  "changelog": "CHANGELOG.md"
}
